﻿<?xml version="1.0" encoding="utf-8" ?>
<DataConnections>
    <Group Name="默认分组">
        <Connection DbType="SQLServer" Name="default" ConnectionString="Data Source=.;Integrated Security=True" />
        <Connection DbType="SQLServer" Name=".\SQLEXPRESS" ConnectionString="Data Source=.\SQLEXPRESS;Integrated Security=True" />
        <Connection DbType="SQLServerCe" Name="SQLCE" ConnectionString="Data Source=E:\DAC\LocalDB.sdf;Password=sasa;Persist Security Info=True" />
    </Group>
    <Group Name="深圳中行二期">
      <Connection DbType="SQLite" Name="SQLite" ConnectionString="Data Source=E:\vs2008_project\FT团队项目\FT-PFTV2\bin\Debug\jjzd.db" Provider="PWMIS.DataProvider.Data.SQLite,DataAccess"/>
        <Connection DbType="SQLServer" Name="192.168.50.5" ConnectionString="server=192.168.50.5;uid=sa;pwd=sasa" Provider=""/>
    </Group>
    <Group Name="分组2">
        <Connection DbType="Access" Name="default" ConnectionString="" Provider=""/>
        <Connection DbType="SQLServer" Name="50.25" ConnectionString="server=192.168.50.25;uid=sa;pwd=sasa" Provider=""/>
      <Connection DbType="SQLServer" Name="50.41" ConnectionString="server=192.168.50.41;uid=sa;pwd=sasa" Provider=""/>
    </Group>
</DataConnections>
