<?xml version="1.0"?>
<doc>
    <assembly>
        <name>PWMIS.MySqlClient</name>
    </assembly>
    <members>
        <member name="T:PWMIS.DataProvider.Data.MySQL">
            <summary>
            MySQL数据访问类，需要MySQL.NET 6.3.6支持，这里使用的是For2.0类库
            </summary>
        </member>
        <member name="M:PWMIS.DataProvider.Data.MySQL.#ctor">
            <summary>
            默认构造函数
            </summary>
        </member>
        <member name="M:PWMIS.DataProvider.Data.MySQL.GetConnection">
            <summary>
            创建并且打开数据库连接
            </summary>
            <returns>数据库连接</returns>
        </member>
        <member name="M:PWMIS.DataProvider.Data.MySQL.GetDataAdapter(System.Data.IDbCommand)">
            <summary>
            获取数据适配器实例
            </summary>
            <returns>数据适配器</returns>
        </member>
        <member name="M:PWMIS.DataProvider.Data.MySQL.GetParameter">
            <summary>
            获取一个新参数对象
            </summary>
            <returns>特定于数据源的参数对象</returns>
        </member>
        <member name="M:PWMIS.DataProvider.Data.MySQL.GetParameter(System.String,System.Data.DbType,System.Int32)">
            <summary>
             获取一个新参数对象
            </summary>
            <param name="paraName">参数名</param>
            <param name="dbType">参数数据类型</param>
            <param name="size">参数大小</param>
            <returns>特定于数据源的参数对象</returns>
        </member>
        <member name="M:PWMIS.DataProvider.Data.MySQL.GetSchema(System.String,System.String[])">
            <summary>
            返回此 MySqlConnection 的数据源的架构信息。
            </summary>
            <param name="collectionName">集合名称</param>
            <param name="restrictionValues">请求的架构的一组限制值</param>
            <returns>数据库架构信息表</returns>
        </member>
        <member name="M:PWMIS.DataProvider.Data.MySQL.PrepareSQL(System.String@)">
            <summary>
            预处理SQL语句，语句中不能包含"`"(反引号，tab键上面的那个符号)号，如果需要，请使用参数化查询。
            </summary>
            <param name="SQL"></param>
            <returns></returns>
        </member>
        <member name="P:PWMIS.DataProvider.Data.MySQL.CurrentDBMSType">
            <summary>
            获取当前数据库类型的枚举
            </summary>
        </member>
        <member name="P:PWMIS.DataProvider.Data.MySQL.GetParameterChar">
            <summary>
            获取数据库参数前缀资费
            </summary>
        </member>
    </members>
</doc>
