<?xml version="1.0" encoding="utf-8"?>
<VisualState xmlns:xsi="http://www.w3.org/2001/XMLSchema-instance" xmlns:xsd="http://www.w3.org/2001/XMLSchema" ShowCheckBoxes="false">
  <TopNode>[0-1000]D:\MyProjects\EmitMapper\trunk\EmitMapperTests.NUnit\testProject.nunit</TopNode>
  <SelectedNode>[0-1000]D:\MyProjects\EmitMapper\trunk\EmitMapperTests.NUnit\testProject.nunit</SelectedNode>
  <ExcludeCategories>false</ExcludeCategories>
  <Nodes>
    <Node UniqueName="[0-1000]D:\MyProjects\EmitMapper\trunk\EmitMapperTests.NUnit\testProject.nunit" Expanded="true" />
    <Node UniqueName="[0-1050]D:\MyProjects\EmitMapper\trunk\EmitMapperTests.NUnit\bin\Debug\EmitMapperTests.NUnit.dll" Expanded="true" />
    <Node UniqueName="[0-1051]EmitMapperTests" Expanded="true" />
  </Nodes>
</VisualState>